{
  "seed": 42,
  "n_resamples": 1000,
  "ci_level": 0.95,
  "ci_method": "percentile",
  "n_traces": 5000,
  "mode_counts": {
    "substitution_reroute": 406,
    "compliance_skipped_under_tariff": 247,
    "stale_quote_slow_pricing": 195,
    "pricing_drift": 2666,
    "escalation_loop": 143,
    "random_noise_failure": 311
  },
  "E1": {
    "substitution_reroute": {
      "n_traces_with_mode": 406,
      "majority_cluster": 4,
      "recall_at_cluster": 0.22167487684729065,
      "ci_lo": 0.18226600985221675,
      "ci_hi": 0.26108374384236455
    },
    "escalation_loop": {
      "n_traces_with_mode": 143,
      "majority_cluster": 86,
      "recall_at_cluster": 0.2517482517482518,
      "ci_lo": 0.18181818181818182,
      "ci_hi": 0.32867132867132864
    },
    "verdict": "REFUTES"
  },
  "per_mode": {
    "substitution_reroute": {
      "n_traces_with_mode": 406,
      "baseline": {
        "majority_cluster": 4,
        "recall_at_cluster": 0.22167487684729065,
        "ci_lo": 0.18226600985221675,
        "ci_hi": 0.26108374384236455
      },
      "improved": {
        "majority_cluster": 116,
        "recall_at_cluster": 0.3866995073891626,
        "ci_lo": 0.3374384236453202,
        "ci_hi": 0.43596059113300495
      },
      "gap_improved_minus_baseline": {
        "point": 0.16502463054187194,
        "ci_lo": 0.08866995073891626,
        "ci_hi": 0.24390394088669945
      }
    },
    "compliance_skipped_under_tariff": {
      "n_traces_with_mode": 247,
      "baseline": {
        "majority_cluster": 112,
        "recall_at_cluster": 0.19433198380566802,
        "ci_lo": 0.1417004048582996,
        "ci_hi": 0.2388663967611336
      },
      "improved": {
        "majority_cluster": 73,
        "recall_at_cluster": 0.1902834008097166,
        "ci_lo": 0.145748987854251,
        "ci_hi": 0.2388663967611336
      },
      "gap_improved_minus_baseline": {
        "point": -0.0040485829959514275,
        "ci_lo": -0.08097165991902835,
        "ci_hi": 0.0688259109311741
      }
    },
    "stale_quote_slow_pricing": {
      "n_traces_with_mode": 195,
      "baseline": {
        "majority_cluster": 104,
        "recall_at_cluster": 0.05128205128205128,
        "ci_lo": 0.020512820512820513,
        "ci_hi": 0.08205128205128205
      },
      "improved": {
        "majority_cluster": 46,
        "recall_at_cluster": 0.13333333333333333,
        "ci_lo": 0.08717948717948718,
        "ci_hi": 0.1794871794871795
      },
      "gap_improved_minus_baseline": {
        "point": 0.08205128205128205,
        "ci_lo": 0.02051282051282051,
        "ci_hi": 0.13846153846153847
      }
    },
    "pricing_drift": {
      "n_traces_with_mode": 2666,
      "baseline": {
        "majority_cluster": 7,
        "recall_at_cluster": 0.023630907726931733,
        "ci_lo": 0.01800450112528132,
        "ci_hi": 0.029632408102025505
      },
      "improved": {
        "majority_cluster": 116,
        "recall_at_cluster": 0.04688672168042011,
        "ci_lo": 0.03938484621155289,
        "ci_hi": 0.05476369092273068
      },
      "gap_improved_minus_baseline": {
        "point": 0.023255813953488375,
        "ci_lo": 0.013869092273068267,
        "ci_hi": 0.03300825206301575
      }
    },
    "escalation_loop": {
      "n_traces_with_mode": 143,
      "baseline": {
        "majority_cluster": 86,
        "recall_at_cluster": 0.2517482517482518,
        "ci_lo": 0.18181818181818182,
        "ci_hi": 0.32867132867132864
      },
      "improved": {
        "majority_cluster": 116,
        "recall_at_cluster": 0.6993006993006993,
        "ci_lo": 0.6293706293706294,
        "ci_hi": 0.7762237762237763
      },
      "gap_improved_minus_baseline": {
        "point": 0.4475524475524475,
        "ci_lo": 0.32167832167832167,
        "ci_hi": 0.5664335664335665
      }
    },
    "random_noise_failure": {
      "n_traces_with_mode": 311,
      "baseline": {
        "majority_cluster": 108,
        "recall_at_cluster": 0.1382636655948553,
        "ci_lo": 0.09959807073954985,
        "ci_hi": 0.17684887459807075
      },
      "improved": {
        "majority_cluster": 96,
        "recall_at_cluster": 0.24115755627009647,
        "ci_lo": 0.19614147909967847,
        "ci_hi": 0.28938906752411575
      },
      "gap_improved_minus_baseline": {
        "point": 0.10289389067524116,
        "ci_lo": 0.04823151125401928,
        "ci_hi": 0.1607717041800643
      }
    }
  },
  "E2": {
    "n_traces_with_mode": 195,
    "baseline": {
      "majority_cluster": 104,
      "recall_at_cluster": 0.05128205128205128,
      "ci_lo": 0.020512820512820513,
      "ci_hi": 0.08205128205128205
    },
    "improved": {
      "majority_cluster": 46,
      "recall_at_cluster": 0.13333333333333333,
      "ci_lo": 0.08717948717948718,
      "ci_hi": 0.1794871794871795
    },
    "gap_improved_minus_baseline": {
      "point": 0.08205128205128205,
      "ci_lo": 0.02051282051282051,
      "ci_hi": 0.13846153846153847
    },
    "verdict": "REFUTES",
    "thresholds": {
      "supports": "gap_ci_lo > 0.50 AND baseline < 0.20 AND improved >= 0.70",
      "refutes": "baseline >= 0.35 OR gap_ci_lo <= 0"
    }
  },
  "E3": {
    "n_traces_with_mode": 247,
    "baseline": {
      "majority_cluster": 112,
      "recall_at_cluster": 0.19433198380566802,
      "ci_lo": 0.1417004048582996,
      "ci_hi": 0.2388663967611336
    },
    "improved": {
      "majority_cluster": 73,
      "recall_at_cluster": 0.1902834008097166,
      "ci_lo": 0.145748987854251,
      "ci_hi": 0.2388663967611336
    },
    "gap_improved_minus_baseline": {
      "point": -0.0040485829959514275,
      "ci_lo": -0.08097165991902835,
      "ci_hi": 0.0688259109311741
    },
    "verdict": "REFUTES",
    "thresholds": {
      "supports": "gap_ci_lo > 0 AND improved >= 0.65 AND baseline < 0.30",
      "refutes": "baseline >= 0.30 OR gap_ci_lo <= 0"
    }
  },
  "E4": {
    "baseline_alert_day": Infinity,
    "baseline_note": "No drift detector in baseline pipeline outputs (no drift_alerts.csv).",
    "improved_alert_day": 45,
    "improved_first_stratum": "case:custom_configuration",
    "improved_signal": "price_usd_mean",
    "injection_day": 45,
    "days_to_detection_improved": 0,
    "all_alerts": [
      {
        "cluster_id": "case:supplier_substitution",
        "signal_name": "price_usd_mean",
        "alert_day": 60,
        "cumulative_deviation": "0.050155",
        "threshold_crossed": "0.004"
      },
      {
        "cluster_id": "case:custom_configuration",
        "signal_name": "price_usd_mean",
        "alert_day": 45,
        "cumulative_deviation": "0.050658",
        "threshold_crossed": "0.004"
      }
    ],
    "verdict": "SUPPORTS"
  },
  "E5": {
    "n_structural_traces": 549,
    "strict": {
      "mfa5_precision_at_1": 0.0036429872495446266,
      "mfa5_ci_lo": 0.0,
      "mfa5_ci_hi": 0.009107468123861567,
      "backward_walk_precision_at_1": 0.0,
      "bw_ci_lo": 0.0,
      "bw_ci_hi": 0.0,
      "gap_bw_minus_mfa5": -0.0036429872495446266,
      "gap_ci_lo": -0.009107468123861567,
      "gap_ci_hi": 0.0
    },
    "lenient": {
      "mfa5_precision_at_1": 0.22404371584699453,
      "mfa5_ci_lo": 0.1894353369763206,
      "mfa5_ci_hi": 0.2604735883424408,
      "backward_walk_precision_at_1": 0.16393442622950818,
      "bw_ci_lo": 0.13114754098360656,
      "bw_ci_hi": 0.19489981785063754,
      "gap_bw_minus_mfa5": -0.06010928961748635,
      "gap_ci_lo": -0.0856102003642987,
      "gap_ci_hi": -0.034608378870673945
    },
    "per_mode": {
      "substitution_reroute": {
        "n": 406,
        "mfa5_precision_at_1_strict": 0.0,
        "backward_walk_precision_at_1_strict": 0.0,
        "mfa5_top1_distribution": {
          "orchestrator": 358,
          "scheduling": 31,
          "release": 17
        },
        "backward_walk_top1_distribution": {
          "orchestrator": 197,
          "unknown": 124,
          "pricing": 85
        }
      },